ticker,cnpj,codigo_cvm,nome_cvm,setor,status_cvm,observacao
RENT3,16.670.085/0001-55,19739,LOCALIZA RENT A CAR SA,Mobilidade,ATIVO,
MOVI3,21.314.559/0001-66,23825,MOVIDA PARTICIPACOES S.A.,Mobilidade,ATIVO,
ARML3,00.242.184/0001-04,26069,ARMAC LOCACAO LOGISTICA E SERVICOS S.A.,Mobilidade,ATIVO,
MILS3,27.093.558/0001-15,22012,MILLS LOCACAO SERVICOS E LOGISTICA S.A.,Mobilidade,ATIVO,
GGPS3,09.229.201/0001-30,25712,GPS PARTICIPACOES E EMPREENDIMENTOS S/A,Mobilidade,ATIVO,
VAMO3,23.373.000/0001-32,24716,VAMOS LOCACAO DE CAMINHOES MAQUINAS E EQUIPAMENTOS S.A.,Mobilidade,ATIVO,
JSLG3,52.548.435/0001-79,22020,JSL S.A.,Mobilidade,ATIVO,
SIMH3,07.415.333/0001-20,25003,SIMPAR S.A.,Mobilidade,ATIVO,
RAIL3,02.387.241/0001-60,17450,RUMO S.A.,Infraestrutura,ATIVO,
HBSA3,12.648.327/0001-53,22675,HIDROVIAS DO BRASIL S.A.,Infraestrutura,ATIVO,
ECOR3,08.873.873/0001-10,21903,ECORODOVIAS CONCESSOES E SERVICOS S/A,Infraestrutura,ATIVO,
TGMA3,02.351.144/0001-18,20800,TEGMA GESTAO LOGISTICA SA,Infraestrutura,ATIVO,
MOTV3,02.846.056/0001-97,18821,MOTIVA INFRAESTRUTURA DE MOBILIDADE S.A.,Transporte,ATIVO,
POMO4,88.611.835/0001-29,8451,MARCOPOLO SA,Transporte,ATIVO,
POMO3,88.611.835/0001-29,8451,MARCOPOLO SA,Transporte,ATIVO,mesma empresa POMO4
FRAS3,88.610.126/0001-29,6211,FRASLE MOBILITY S.A.,Industrial,ATIVO,
WEGE3,84.429.695/0001-11,5410,WEG SA,Industrial,ATIVO,
MYPK3,61.156.113/0001-75,11932,IOCHPE MAXION SA,Industrial,ATIVO,
INTB3,82.901.000/0001-27,25453,INTELBRAS S.A. IND. DE TELECOMUNICACAO ELETRONICA BRASILEIRA,Industrial,ATIVO,
TUPY3,84.683.374/0001-49,6343,TUPY SA,Industrial,ATIVO,
LEVE3,60.476.884/0001-87,8575,MAHLE METAL LEVE S.A.,Industrial,ATIVO,
RAPT4,89.086.144/0001-16,14109,RANDONCORP S.A.,Industrial,ATIVO,
RAPT3,89.086.144/0001-16,14109,RANDONCORP S.A.,Industrial,ATIVO,mesma empresa RAPT4
KEPL3,91.983.056/0001-69,7870,KEPLER WEBER SA,Industrial,ATIVO,
PRNR3,18.593.815/0001-97,24236,PRINER SERVICOS INDUSTRIAIS S.A.,Industrial,ATIVO,
AMOB3,35.654.688/0001-08,27707,AUTOMOB PARTICIPACOES S.A.,Industrial,ATIVO,
VTRU3,20.512.706/0001-40,27057,VITRU EDUCACAO S.A.,Educacao,ATIVO,
AZUL4,09.305.994/0001-29,24112,AZUL S.A.,Aviacao,ATIVO,
EMBR3,07.689.002/0001-89,20087,EMBRAER S.A.,Aviacao,ATIVO,
JALL3,02.635.522/0001-95,25496,JALLES MACHADO S.A.,Agro,ATIVO,
HYPE3,02.932.074/0001-91,21431,HYPERA S/A,Saude,ATIVO,
RDOR3,06.047.087/0001-39,24821,REDE D OR SAO LUIZ S.A.,Saude,ATIVO,
HAPV3,05.197.443/0001-38,24392,HAPVIDA PARTICIPACOES E INVESTIMENTOS S.A.,Saude,ATIVO,
FLRY3,60.840.055/0001-31,21881,FLEURY SA,Saude,ATIVO,
BLAU3,58.430.828/0001-60,24627,BLAU FARMACEUTICA S.A.,Saude,ATIVO,
KRSA3,13.270.520/0001-66,25879,KORA SAUDE PARTICIPACOES S.A.,Saude,ATIVO,
ONCO3,12.104.241/0004-02,26123,ONCOCLINICAS DO BRASIL SERVICOS MEDICOS S.A.,Saude,ATIVO,
MATD3,16.676.520/0001-59,25690,HOSPITAL MATER DEI S.A.,Saude,ATIVO,
VVEO3,12.420.164/0001-57,25682,CM HOSPITALAR S.A.,Saude,ATIVO,
QUAL3,11.992.680/0001-93,22497,QUALICORP CONSULTORIA E CORRETORA DE SEGUROS S.A.,Saude,ATIVO,
SAUD3,58.119.199/0001-51,20125,BRADSAUDE S.A.,Saude,ATIVO,ex-Odontoprev (ODPV3)
DASA3,61.486.650/0001-83,19623,DIAGNOSTICOS DA AMERICA SA,Saude,ATIVO,
VITT3,45.365.558/0001-09,25763,VITTIA S.A.,Saude,ATIVO,
YDUQ3,08.807.432/0001-10,21016,YDUQS PARTICIPACOES S.A.,Educacao,ATIVO,
ANIM3,09.288.252/0001-32,23248,ANIMA HOLDING S/A,Educacao,ATIVO,
SEER3,04.986.320/0001-13,23221,SER EDUCACIONAL S.A.,Educacao,ATIVO,
COGN3,02.800.026/0001-40,17973,COGNA EDUCACAO S.A.,Educacao,ATIVO,
CSED3,62.984.091/0001-02,25526,CRUZEIRO DO SUL EDUCACIONAL S.A.,Educacao,ATIVO,
CVCB3,10.760.260/0001-19,23310,CVC BRASIL OPERADORA E AGENCIA DE VIAGENS SA,Turismo,ATIVO,
CSAN3,50.746.577/0001-15,19836,COSAN S.A.,Energia,ATIVO,
SLCE3,89.096.457/0001-55,20745,SLC AGRICOLA SA,Agro,ATIVO,
TTEN3,94.813.102/0001-70,25950,TRES TENTOS AGROINDUSTRIAL S.A.,Agro,ATIVO,
SOJA3,10.807.374/0001-77,25704,BOA SAFRA SEMENTES S.A,Agro,ATIVO,
SMTO3,51.466.860/0001-56,20516,SAO MARTINHO SA,Agro,ATIVO,
RAIZ4,08.070.508/0001-78,23230,RAIZEN ENERGIA S.A.,Agro,ATIVO,
TPIS3,03.014.553/0001-91,19330,TPI - TRIUNFO PARTICIPACOES E INVESTIMENTOS S.A.,Infraestrutura,ATIVO,
ALOS3,05.878.397/0001-32,22357,ALLOS S.A,Varejo,ATIVO,
ASAI3,06.057.223/0001-71,25372,SENDAS DISTRIBUIDORA S.A.,Varejo,ATIVO,
AURE3,28.594.234/0001-23,26620,AUREN ENERGIA S.A.,Energia,ATIVO,
AXIA3,00.001.180/0001-26,2437,AXIA ENERGIA S.A.,Energia,ATIVO,
AZZA3,16.590.234/0001-76,22349,AZZAS 2154 S.A.,Varejo,ATIVO,
B3SA3,09.346.601/0001-25,21610,B3 S.A. - BRASIL. BOLSA. BALCÃO,Financeiro,ATIVO,
BBAS3,00.000.000/0001-91,1023,BCO BRASIL S.A.,Financeiro,ATIVO,
BBDC4,60.746.948/0001-12,906,BCO BRADESCO S.A.,Financeiro,ATIVO,
BBSE3,17.344.597/0001-94,23159,BB SEGURIDADE PARTICIPAÇÕES S.A.,Financeiro,ATIVO,
BEEF3,67.620.377/0001-14,20931,MINERVA S.A.,Agro,ATIVO,
BPAC11,30.306.294/0001-45,22616,BCO BTG PACTUAL S.A.,Financeiro,ATIVO,
BRAP4,03.847.461/0001-92,18724,BRADESPAR S.A.,Mineracao,ATIVO,
BRAV3,12.091.809/0001-55,25291,BRAVA ENERGIA S.A.,Energia,ATIVO,
BRKM5,42.150.391/0001-70,4820,BRASKEM S.A.,Industrial,ATIVO,
CEAB3,45.242.914/0001-05,24848,CEA MODAS S.A.,Varejo,ATIVO,
CMIG4,17.155.730/0001-64,2453,CIA ENERGETICA DE MINAS GERAIS - CEMIG,Energia,ATIVO,
CMIN3,08.902.291/0001-15,25585,CSN MINERAÇÃO S.A.,Mineracao,ATIVO,
CPFE3,02.429.144/0001-93,18660,CPFL ENERGIA S.A.,Energia,ATIVO,
CPLE3,76.483.817/0001-20,14311,CIA PARANAENSE DE ENERGIA - COPEL,Energia,ATIVO,
CSMG3,17.281.106/0001-03,19445,CIA SANEAMENTO DE MINAS GERAIS-COPASA MG,Infraestrutura,ATIVO,
CURY3,08.797.760/0001-83,25100,CURY CONSTRUTORA E INCORPORADORA S.A.,Imobiliario,ATIVO,
CXSE3,22.543.331/0001-00,23795,CAIXA SEGURIDADE PARTICIPAÇÕES S.A.,Financeiro,ATIVO,
CYRE3,73.178.600/0001-18,14460,CYRELA BRAZIL REALTY S.A.EMPREEND E PART,Imobiliario,ATIVO,
DIRR3,16.614.075/0001-00,21350,DIRECIONAL ENGENHARIA S.A.,Imobiliario,ATIVO,
EGIE3,02.474.103/0001-19,17329,ENGIE BRASIL ENERGIA S.A.,Energia,ATIVO,
ENEV3,04.423.567/0001-21,21237,ENEVA S.A,Energia,ATIVO,
ENGI11,00.864.214/0001-06,15253,ENERGISA S.A.,Energia,ATIVO,
EQTL3,03.220.438/0001-73,20010,EQUATORIAL S.A.,Energia,ATIVO,
GGBR4,33.611.500/0001-19,3980,GERDAU S.A.,Industrial,ATIVO,
GOAU4,92.690.783/0001-09,8656,METALURGICA GERDAU S.A.,Industrial,ATIVO,
IGTI11,60.543.816/0001-93,8672,IGUATEMI S.A.,Varejo,ATIVO,
ISAE4,02.998.611/0001-04,18376,ISA ENERGIA BRASIL S.A,Energia,ATIVO,
ITSA4,61.532.644/0001-15,7617,ITAUSA S.A.,Financeiro,ATIVO,
ITUB4,60.872.504/0001-23,19348,ITAU UNIBANCO HOLDING S.A.,Financeiro,ATIVO,
KLBN11,89.637.490/0001-45,12653,KLABIN S.A.,Industrial,ATIVO,
LREN3,92.754.738/0001-62,8133,LOJAS RENNER S.A.,Varejo,ATIVO,
MBRF3,03.853.896/0001-40,20788,MARFRIG GLOBAL FOODS S.A.,Agro,ATIVO,
MGLU3,47.960.950/0001-21,22470,MAGAZINE LUIZA S.A.,Varejo,ATIVO,
MRVE3,08.343.492/0001-20,20915,MRV ENGENHARIA E PARTICIPACOES S.A.,Imobiliario,ATIVO,
MULT3,07.816.890/0001-53,20982,MULTIPLAN - EMPREEND IMOBILIARIOS S.A.,Imobiliario,ATIVO,
NATU3,71.673.990/0001-77,19550,NATURA COSMETICOS S.A.,Saude,ATIVO,
PETR4,33.000.167/0001-01,9512,PETROLEO BRASILEIRO S.A. PETROBRAS,Energia,ATIVO,
PRIO3,10.629.105/0001-68,22187,PRIO S.A.,Energia,ATIVO,
PSSA3,02.149.205/0001-69,16659,PORTO SEGURO S.A.,Financeiro,ATIVO,
RADL3,61.585.865/0001-51,5258,RAIA DROGASIL S.A.,Varejo,ATIVO,
RECV3,03.342.704/0001-30,25780,PETRORECÔNCAVO S.A.,Energia,ATIVO,
SBSP3,43.776.517/0001-80,14443,CIA SANEAMENTO BASICO EST SAO PAULO,Infraestrutura,ATIVO,
SMFT3,07.594.978/0001-78,24260,SMARTFIT ESCOLA DE GINÁSTICA E DANÇA S.A.,Turismo,ATIVO,
SUZB3,16.404.287/0001-55,13986,SUZANO S.A.,Industrial,ATIVO,
TAEE11,07.859.971/0001-30,20257,TRANSMISSORA ALIANÇA DE ENERGIA ELÉTRICA S.A.,Energia,ATIVO,
TIMS3,02.421.421/0001-11,24929,TIM S.A.,Telecom,ATIVO,
TOTS3,53.113.791/0001-22,19992,TOTVS S.A.,Tecnologia,ATIVO,
UGPA3,33.256.439/0001-39,18465,ULTRAPAR PARTICIPACOES S.A.,Energia,ATIVO,
USIM5,60.894.730/0001-05,14320,USINAS SID DE MINAS GERAIS S.A.-USIMINAS,Industrial,ATIVO,
VALE3,33.592.510/0001-54,4170,VALE S.A.,Mineracao,ATIVO,
VBBR3,34.274.233/0001-02,24295,VIBRA ENERGIA S.A.,Varejo,ATIVO,
VIVA3,33.839.910/0001-11,24805,VIVARA PARTICIPAÇOES S.A,Varejo,ATIVO,
BMOB3,09.042.817/0001-05,25500,BEMOBI MOBILE TECH S.A.,Tecnologia,ATIVO,auto:assumed
CAML3,64.904.295/0001-03,24228,CAMIL ALIMENTOS S.A.,Agro,ATIVO,auto:assumed
BHIA3,33.041.260/0652-90,6505,GRUPO CASAS BAHIA S.A.,Varejo,ATIVO,auto:assumed
CBAV3,61.409.892/0001-73,25984,COMPANHIA BRASILEIRA DE ALUMÍNIO,Mineracao,ATIVO,auto:assumed
DESK3,08.170.849/0001-15,26026,DESKTOP S.A.,Telecom,ATIVO,auto:assumed
DXCO3,97.837.181/0001-47,21091,DEXCO S.A.,Imobiliario,ATIVO,auto:assumed
PNVL3,92.665.611/0001-77,9342,DIMED S.A. DISTRIBUIDORA DE MEDICAMENTOS,Varejo,ATIVO,auto:assumed
EVEN3,43.470.988/0001-65,20524,EVEN CONSTRUTORA E INCORPORADORA S.A.,Imobiliario,ATIVO,auto:assumed
EZTC3,08.312.229/0001-73,20770,EZ TEC EMPREEND. E PARTICIPACOES S.A.,Imobiliario,ATIVO,auto:assumed
GFSA3,01.545.826/0001-07,16101,GAFISA S.A.,Imobiliario,ATIVO,auto:assumed
GRND3,89.850.341/0001-60,19615,GRENDENE S.A.,Varejo,ATIVO,auto:assumed
GMAT3,24.990.777/0001-09,25186,GRUPO MATEUS S.A.,Varejo,ATIVO,auto:assumed
SBFG3,13.217.485/0001-11,24694,GRUPO SBF SA,Varejo,ATIVO,auto:assumed
HBOR3,49.263.189/0001-02,20877,HELBOR EMPREENDIMENTOS S.A.,Imobiliario,ATIVO,auto:assumed
RANI3,92.791.243/0001-03,2429,IRANI PAPEL E EMBALAGEM S.A.,Industrial,ATIVO,auto:assumed
IRBR3,33.376.989/0001-91,24180,IRB - BRASIL RESSEGUROS S.A.,Financeiro,ATIVO,auto:assumed
JHSF3,08.294.224/0001-65,20605,JHSF PARTICIPACOES S.A.,Imobiliario,ATIVO,auto:assumed
LAVV3,26.462.693/0001-28,25062,LAVVI EMPREENDIMENTOS IMOBILIÁRIOS S.A.,Imobiliario,ATIVO,auto:assumed
LOGG3,09.041.168/0001-10,23272,LOG COMMERCIAL PROPERTIES,Imobiliario,ATIVO,auto:assumed
LWSA3,02.351.877/0001-52,24910,LWSA S.A.,Tecnologia,ATIVO,auto:assumed
MDIA3,07.206.816/0001-15,20338,M.DIAS BRANCO S.A. IND COM DE ALIMENTOS,Agro,ATIVO,auto:assumed
CASH3,14.110.585/0001-07,25232,MÉLIUZ S.A.,Tecnologia,ATIVO,auto:assumed
MDNE3,12.049.631/0001-84,21067,MOURA DUBEUX ENGENHARIA S/A,Imobiliario,ATIVO,auto:assumed
ORVR3,11.421.994/0001-36,25550,ORIZON VALORIZACAO DE RESIDUOS S.A.,Infraestrutura,ATIVO,auto:assumed
PGMN3,06.626.253/0001-51,22608,EMPREENDIMENTOS PAGUE MENOS S.A.,Varejo,ATIVO,auto:assumed
AUAU3,53.153.938/0001-08,27766,UNIÃO PET PARTICIPAÇÕES S.A.,Varejo,ATIVO,auto:assumed
PLPL3,24.230.275/0001-80,25070,PLANO & PLANO DESENVOLVIMENTO IMOBILIÁRIO S.A.,Imobiliario,ATIVO,auto:assumed
POSI3,81.243.735/0001-48,20362,POSITIVO TECNOLOGIA S.A.,Tecnologia,ATIVO,auto:assumed
LJQQ3,96.418.264/0218-02,25038,LOJAS QUERO-QUERO S/A,Varejo,ATIVO,auto:assumed
RIAA3,08.402.943/0001-52,4669,GUARARAPES CONFECCOES S.A.,Varejo,ATIVO,auto:assumed
SYNE3,08.801.621/0001-86,21040,SYN PROP E TECH S.A.,Imobiliario,ATIVO,auto:assumed
TEND3,71.476.527/0001-35,21148,CONSTRUTORA TENDA S.A.,Imobiliario,ATIVO,auto:assumed
VLID3,33.113.309/0001-47,20028,VALID SOLUÇÕES S.A.,Tecnologia,ATIVO,auto:assumed
VULC3,50.926.955/0001-42,11762,VULCABRAS S.A.,Varejo,ATIVO,auto:assumed
